delivery_status,orders,total_revenue,avg_revenue,discount_rate
delivered,1229,106416.17,86.58760781122864,0.6598860862489829
delayed,1171,104369.56999999999,89.12858240819811,0.6831767719897524
cancelled,593,50886.7,85.8123102866779,0.657672849915683
nan,3,381.73,127.24333333333334,0.6666666666666666
delrd,1,43.56,43.56,0.0
delyd,1,15.1,15.1,0.0
