category,orders,discounted_orders,avg_discount_value,discount_rate
,5,5,0.15,1.0
outdoors,507,346,0.0819526627218935,0.6824457593688363
cleaning,1204,819,0.08550664451827245,0.6802325581395349
personal care,304,203,0.0861842105263158,0.6677631578947368
storage,575,377,0.08104347826086956,0.6556521739130434
kitchen,403,253,0.07555831265508685,0.6277915632754343
